"elementor-widget-container","elementor-heading-title","elementor-heading-title 2","elementor-button-link href","elementor-button-text","attachment-large src","attachment-large src 2","elementor-widget-container 2","elementor-heading-title 3","attachment-large src 3","elementor-widget-container 3","elementor-heading-title 4","attachment-large src 4","elementor-widget-container 4","elementor-heading-title 5","elementor-heading-title 6","elementor-heading-title 7","elementor-heading-title 8","attachment-large src 5","elementor-widget-container 5"
"/*! elementor - v3.7.8 - 02-10-2022 */
.elementor-heading-title{padding:0;margin:0;line-height:1}.elementor-widget-heading .elementor-heading-title[class*=elementor-size-]>a{color:inherit;font-size:inherit;line-height:inherit}.elementor-widget-heading .elementor-heading-title.elementor-size-small{font-size:15px}.elementor-widget-heading .elementor-heading-title.elementor-size-medium{font-size:19px}.elementor-widget-heading .elementor-heading-title.elementor-size-large{font-size:29px}.elementor-widget-heading .elementor-heading-title.elementor-size-xl{font-size:39px}.elementor-widget-heading .elementor-heading-title.elementor-size-xxl{font-size:59px}","Revolucionando las Cadenas Agroindustriales vía Procesamiento de Imágenes e Inteligencia Artificial","Estamos digitalizando el testeo, inspección y certificación de commodities agrícolas y alimentos","https://zoomagri.com/#elementor-action%3Aaction%3Dlightbox%26settings%3DeyJ0eXBlIjoidmlkZW8iLCJ2aWRlb1R5cGUiOiJ5b3V0dWJlIiwidXJsIjoiaHR0cHM6XC9cL3d3dy55b3V0dWJlLmNvbVwvZW1iZWRcL3ZxU2hGZGw3NGlrP2ZlYXR1cmU9b2VtYmVkIn0%3D","Mira nuestro video","","","","","","","","","","","","","","",""
"","Revolucionando las Cadenas Agroindustriales vía Procesamiento de Imágenes e Inteligencia Artificial","Estamos digitalizando el testeo de inspección y certificación de commodities agrícolas y alimentos","https://zoomagri.com/#elementor-action%3Aaction%3Dlightbox%26settings%3DeyJ0eXBlIjoidmlkZW8iLCJ2aWRlb1R5cGUiOiJ5b3V0dWJlIiwidXJsIjoiaHR0cHM6XC9cL3d3dy55b3V0dWJlLmNvbVwvZW1iZWRcL2hsTmFjUUdGbUJBP2ZlYXR1cmU9b2VtYmVkIn0%3D","Mira nuestro video","","","","","","","","","","","","","","",""
"<img decoding=""async"" width=""700"" height=""375"" src=""https://zoomagri.com/wp-content/uploads/2022/08/Escena-Zoom-Agri-3c.png"" class=""attachment-large size-large"" alt="""" srcset=""https://zoomagri.com/wp-content/uploads/2022/08/Escena-Zoom-Agri-3c.png 700w, https://zoomagri.com/wp-content/uploads/2022/08/Escena-Zoom-Agri-3c-300x161.png 300w"" sizes=""(max-width: 700px) 100vw, 700px"" />","Determinación varietal","Reconocimiento Varietal por medio de Computer Vision y Machine Learning","https://zoomagri.com/#elementor-action%3Aaction%3Dlightbox%26settings%3DeyJ0eXBlIjoidmlkZW8iLCJ2aWRlb1R5cGUiOiJ5b3V0dWJlIiwidXJsIjoiaHR0cHM6XC9cL3d3dy55b3V0dWJlLmNvbVwvZW1iZWRcLzI1S1RUR1RyMDhvP2ZlYXR1cmU9b2VtYmVkIn0%3D","Míralo en acción","https://zoomagri.com/wp-content/uploads/2022/08/Escena-Zoom-Agri-3c.png","https://zoomagri.com/wp-content/uploads/2023/12/ZoomVarieties-1024x156.png","<img decoding=""async"" width=""800"" height=""122"" src=""https://zoomagri.com/wp-content/uploads/2023/12/ZoomVarieties-1024x156.png"" class=""attachment-large size-large"" alt="""" srcset=""https://zoomagri.com/wp-content/uploads/2023/12/ZoomVarieties-1024x156.png 1024w, https://zoomagri.com/wp-content/uploads/2023/12/ZoomVarieties-300x46.png 300w, https://zoomagri.com/wp-content/uploads/2023/12/ZoomVarieties-768x117.png 768w, https://zoomagri.com/wp-content/uploads/2023/12/ZoomVarieties-1536x234.png 1536w, https://zoomagri.com/wp-content/uploads/2023/12/ZoomVarieties-2048x311.png 2048w"" sizes=""(max-width: 800px) 100vw, 800px"" />","","","","","","","","","","","",""
"<img decoding=""async"" width=""800"" height=""163"" src=""https://zoomagri.com/wp-content/uploads/2023/12/ZoomSpex-png-1024x209.png"" class=""attachment-large size-large"" alt="""" srcset=""https://zoomagri.com/wp-content/uploads/2023/12/ZoomSpex-png-1024x209.png 1024w, https://zoomagri.com/wp-content/uploads/2023/12/ZoomSpex-png-300x61.png 300w, https://zoomagri.com/wp-content/uploads/2023/12/ZoomSpex-png-768x157.png 768w, https://zoomagri.com/wp-content/uploads/2023/12/ZoomSpex-png-1536x314.png 1536w, https://zoomagri.com/wp-content/uploads/2023/12/ZoomSpex-png-2048x419.png 2048w"" sizes=""(max-width: 800px) 100vw, 800px"" />","Calidad física","Análisis de calidad física por medio de Computer Vision y Machine Learning","https://zoomagri.com/#elementor-action%3Aaction%3Dlightbox%26settings%3DeyJ0eXBlIjoidmlkZW8iLCJ2aWRlb1R5cGUiOiJ5b3V0dWJlIiwidXJsIjoiaHR0cHM6XC9cL3d3dy55b3V0dWJlLmNvbVwvZW1iZWRcL2lEMUViWlZMYnNvP2ZlYXR1cmU9b2VtYmVkIn0%3D","Míralo en acción","https://zoomagri.com/wp-content/uploads/2023/12/ZoomSpex-png-1024x209.png","https://zoomagri.com/wp-content/uploads/2022/08/sombrac.png","<img decoding=""async"" width=""700"" height=""486"" src=""https://zoomagri.com/wp-content/uploads/2022/08/sombrac.png"" class=""attachment-large size-large"" alt="""" srcset=""https://zoomagri.com/wp-content/uploads/2022/08/sombrac.png 700w, https://zoomagri.com/wp-content/uploads/2022/08/sombrac-300x208.png 300w"" sizes=""(max-width: 700px) 100vw, 700px"" />","","","","","","","","","","","",""
"<img decoding=""async"" width=""500"" height=""321"" src=""https://zoomagri.com/wp-content/uploads/2022/08/Malting-barley.jpg"" class=""attachment-large size-large"" alt="""" srcset=""https://zoomagri.com/wp-content/uploads/2022/08/Malting-barley.jpg 500w, https://zoomagri.com/wp-content/uploads/2022/08/Malting-barley-300x193.jpg 300w"" sizes=""(max-width: 500px) 100vw, 500px"" />","Analizando","Cebada","","","https://zoomagri.com/wp-content/uploads/2022/08/Malting-barley.jpg","https://zoomagri.com/wp-content/uploads/2022/08/Wheat.jpg","<img decoding=""async"" width=""500"" height=""332"" src=""https://zoomagri.com/wp-content/uploads/2022/08/Wheat.jpg"" class=""attachment-large size-large"" alt="""" srcset=""https://zoomagri.com/wp-content/uploads/2022/08/Wheat.jpg 500w, https://zoomagri.com/wp-content/uploads/2022/08/Wheat-300x199.jpg 300w"" sizes=""(max-width: 500px) 100vw, 500px"" />","Trigo","https://zoomagri.com/wp-content/uploads/2022/08/Soy.jpg","<img decoding=""async"" width=""500"" height=""333"" src=""https://zoomagri.com/wp-content/uploads/2022/08/Soy.jpg"" class=""attachment-large size-large"" alt="""" srcset=""https://zoomagri.com/wp-content/uploads/2022/08/Soy.jpg 500w, https://zoomagri.com/wp-content/uploads/2022/08/Soy-300x200.jpg 300w"" sizes=""(max-width: 500px) 100vw, 500px"" />","Soja","https://zoomagri.com/wp-content/uploads/2022/08/Corn.jpg","<img decoding=""async"" width=""500"" height=""333"" src=""https://zoomagri.com/wp-content/uploads/2022/08/Corn.jpg"" class=""attachment-large size-large"" alt="""" srcset=""https://zoomagri.com/wp-content/uploads/2022/08/Corn.jpg 500w, https://zoomagri.com/wp-content/uploads/2022/08/Corn-300x200.jpg 300w"" sizes=""(max-width: 500px) 100vw, 500px"" />","Maíz","Más commodities próximamente...","","","",""
"<img decoding=""async"" width=""242"" height=""243"" src=""https://zoomagri.com/wp-content/uploads/2022/08/Group-427322137-2.png"" class=""attachment-large size-large"" alt="""" srcset=""https://zoomagri.com/wp-content/uploads/2022/08/Group-427322137-2.png 242w, https://zoomagri.com/wp-content/uploads/2022/08/Group-427322137-2-150x150.png 150w"" sizes=""(max-width: 242px) 100vw, 242px"" />","Nuestros beneficios","Resultados","","","https://zoomagri.com/wp-content/uploads/2022/08/Group-427322137-2.png","https://zoomagri.com/wp-content/uploads/2022/08/Group-427322138.png","<img decoding=""async"" width=""246"" height=""242"" src=""https://zoomagri.com/wp-content/uploads/2022/08/Group-427322138.png"" class=""attachment-large size-large"" alt="""" />","en tiempo real","https://zoomagri.com/wp-content/uploads/2022/08/Group-427322135-1.png","<img decoding=""async"" width=""242"" height=""242"" src=""https://zoomagri.com/wp-content/uploads/2022/08/Group-427322135-1.png"" class=""attachment-large size-large"" alt="""" srcset=""https://zoomagri.com/wp-content/uploads/2022/08/Group-427322135-1.png 242w, https://zoomagri.com/wp-content/uploads/2022/08/Group-427322135-1-150x150.png 150w"" sizes=""(max-width: 242px) 100vw, 242px"" />","Resultados","https://zoomagri.com/wp-content/uploads/2022/08/Group-427322139-1.png","<img decoding=""async"" width=""241"" height=""233"" src=""https://zoomagri.com/wp-content/uploads/2022/08/Group-427322139-1.png"" class=""attachment-large size-large"" alt="""" />","estandarizadosy objetivos","Resultados","estandarizados y objetivos","Vision","https://zoomagri.com/wp-content/uploads/2022/08/Group-427322140-1.png","<img decoding=""async"" width=""234"" height=""234"" src=""https://zoomagri.com/wp-content/uploads/2022/08/Group-427322140-1.png"" class=""attachment-large size-large"" alt="""" srcset=""https://zoomagri.com/wp-content/uploads/2022/08/Group-427322140-1.png 234w, https://zoomagri.com/wp-content/uploads/2022/08/Group-427322140-1-150x150.png 150w"" sizes=""(max-width: 234px) 100vw, 234px"" />"
"","our impact","","","","","","","","","","","","","","","","","",""
"<img decoding=""async"" width=""2560"" height=""1439"" src=""https://zoomagri.com/wp-content/uploads/2023/05/es-01-2-scaled.jpg"" class=""attachment-full size-full"" alt="""" srcset=""https://zoomagri.com/wp-content/uploads/2023/05/es-01-2-scaled.jpg 2560w, https://zoomagri.com/wp-content/uploads/2023/05/es-01-2-300x169.jpg 300w, https://zoomagri.com/wp-content/uploads/2023/05/es-01-2-1024x576.jpg 1024w, https://zoomagri.com/wp-content/uploads/2023/05/es-01-2-768x432.jpg 768w, https://zoomagri.com/wp-content/uploads/2023/05/es-01-2-1536x864.jpg 1536w, https://zoomagri.com/wp-content/uploads/2023/05/es-01-2-2048x1151.jpg 2048w"" sizes=""(max-width: 2560px) 100vw, 2560px"" />","","","","","","","","","","","","","","","","","","",""
"","","","https://drive.google.com/file/d/113KHh7jI_MWuuZfqaGm_cdqjQakAUDAc/view?usp=share_link","REPORTE COMPLETO","","","","","","","","","","","","","","",""
"/*! elementor - v3.7.8 - 02-10-2022 */
.elementor-widget-image-carousel .swiper-container{position:static}.elementor-widget-image-carousel .swiper-container .swiper-slide figure{line-height:inherit}.elementor-widget-image-carousel .swiper-slide{text-align:center}.elementor-image-carousel-wrapper:not(.swiper-container-initialized) .swiper-slide{max-width:calc(100% / var(--e-image-carousel-slides-to-show, 3))}","Elegidos por","","","","","","","","","","","","","","","","","",""
"<img decoding=""async"" width=""264"" height=""264"" src=""https://zoomagri.com/wp-content/uploads/2022/08/fernando-4.png"" class=""attachment-large size-large"" alt="""" srcset=""https://zoomagri.com/wp-content/uploads/2022/08/fernando-4.png 264w, https://zoomagri.com/wp-content/uploads/2022/08/fernando-4-150x150.png 150w"" sizes=""(max-width: 264px) 100vw, 264px"" />","Equipo","Conoce a nuestros fundadores","https://www.linkedin.com/in/fernando-martinez-de-hoz-b166049","in","https://zoomagri.com/wp-content/uploads/2022/08/fernando-4.png","https://zoomagri.com/wp-content/uploads/2022/08/fernando-5.png","<img decoding=""async"" width=""264"" height=""264"" src=""https://zoomagri.com/wp-content/uploads/2022/08/fernando-5.png"" class=""attachment-large size-large"" alt="""" srcset=""https://zoomagri.com/wp-content/uploads/2022/08/fernando-5.png 264w, https://zoomagri.com/wp-content/uploads/2022/08/fernando-5-150x150.png 150w"" sizes=""(max-width: 264px) 100vw, 264px"" />","Fernando Martínez de Hoz","https://zoomagri.com/wp-content/uploads/2022/08/fernando-6.png","<img decoding=""async"" width=""264"" height=""264"" src=""https://zoomagri.com/wp-content/uploads/2022/08/fernando-6.png"" class=""attachment-large size-large"" alt="""" srcset=""https://zoomagri.com/wp-content/uploads/2022/08/fernando-6.png 264w, https://zoomagri.com/wp-content/uploads/2022/08/fernando-6-150x150.png 150w"" sizes=""(max-width: 264px) 100vw, 264px"" />","Co-Founder &Managing Director","","","Jaap Rommelaar","Co-Founder &Managing Director","Matias Micheloud","Co-Founder &CTO","",""
"<img decoding=""async"" width=""302"" height=""302"" src=""https://zoomagri.com/wp-content/uploads/2022/08/Rectangle-245.png"" class=""attachment-large size-large"" alt="""" srcset=""https://zoomagri.com/wp-content/uploads/2022/08/Rectangle-245.png 302w, https://zoomagri.com/wp-content/uploads/2022/08/Rectangle-245-300x300.png 300w, https://zoomagri.com/wp-content/uploads/2022/08/Rectangle-245-150x150.png 150w"" sizes=""(max-width: 302px) 100vw, 302px"" />","","","","","https://zoomagri.com/wp-content/uploads/2022/08/Rectangle-245.png","https://zoomagri.com/wp-content/uploads/2022/08/Rectangle-245.png","<img decoding=""async"" width=""302"" height=""302"" src=""https://zoomagri.com/wp-content/uploads/2022/08/Rectangle-245.png"" class=""attachment-large size-large"" alt="""" srcset=""https://zoomagri.com/wp-content/uploads/2022/08/Rectangle-245.png 302w, https://zoomagri.com/wp-content/uploads/2022/08/Rectangle-245-300x300.png 300w, https://zoomagri.com/wp-content/uploads/2022/08/Rectangle-245-150x150.png 150w"" sizes=""(max-width: 302px) 100vw, 302px"" />","","","","","","","","","","","",""
"<img decoding=""async"" width=""800"" height=""534"" src=""https://zoomagri.com/wp-content/uploads/2022/08/Intergrain-Australia-1-1024x683.jpg"" class=""attachment-large size-large"" alt="""" srcset=""https://zoomagri.com/wp-content/uploads/2022/08/Intergrain-Australia-1-1024x683.jpg 1024w, https://zoomagri.com/wp-content/uploads/2022/08/Intergrain-Australia-1-300x200.jpg 300w, https://zoomagri.com/wp-content/uploads/2022/08/Intergrain-Australia-1-768x512.jpg 768w, https://zoomagri.com/wp-content/uploads/2022/08/Intergrain-Australia-1.jpg 1500w"" sizes=""(max-width: 800px) 100vw, 800px"" />","Noticias","Intergrain","","","data:image/svg+xml,%3Csvg%20xmlns='http://www.w3.org/2000/svg'%20viewBox='0%200%20800%20534'%3E%3C/svg%3E","data:image/svg+xml,%3Csvg%20xmlns='http://www.w3.org/2000/svg'%20viewBox='0%200%20415%20192'%3E%3C/svg%3E","<img decoding=""async"" width=""415"" height=""192"" src=""https://zoomagri.com/wp-content/uploads/2022/08/image-3.png"" class=""attachment-large size-large"" alt="""" srcset=""https://zoomagri.com/wp-content/uploads/2022/08/image-3.png 415w, https://zoomagri.com/wp-content/uploads/2022/08/image-3-300x139.png 300w"" sizes=""(max-width: 415px) 100vw, 415px"" />","ZoomAgri - Barley Variety ID Testing","data:image/svg+xml,%3Csvg%20xmlns='http://www.w3.org/2000/svg'%20viewBox='0%200%20800%20609'%3E%3C/svg%3E","<img decoding=""async"" width=""800"" height=""609"" src=""https://zoomagri.com/wp-content/uploads/2022/08/Folha-Brazil-.jpg"" class=""attachment-large size-large"" alt="""" srcset=""https://zoomagri.com/wp-content/uploads/2022/08/Folha-Brazil-.jpg 1024w, https://zoomagri.com/wp-content/uploads/2022/08/Folha-Brazil--300x228.jpg 300w, https://zoomagri.com/wp-content/uploads/2022/08/Folha-Brazil--768x584.jpg 768w"" sizes=""(max-width: 800px) 100vw, 800px"" />","La Nacion","https://zoomagri.com/wp-content/uploads/2024/07/Untitled-2-4-1024x685.jpg","<img decoding=""async"" width=""800"" height=""535"" src=""https://zoomagri.com/wp-content/uploads/2024/07/Untitled-2-4-1024x685.jpg"" class=""attachment-large size-large"" alt="""" srcset=""https://zoomagri.com/wp-content/uploads/2024/07/Untitled-2-4-1024x685.jpg 1024w, https://zoomagri.com/wp-content/uploads/2024/07/Untitled-2-4-300x201.jpg 300w, https://zoomagri.com/wp-content/uploads/2024/07/Untitled-2-4-768x514.jpg 768w, https://zoomagri.com/wp-content/uploads/2024/07/Untitled-2-4-1536x1028.jpg 1536w, https://zoomagri.com/wp-content/uploads/2024/07/Untitled-2-4-2048x1371.jpg 2048w"" sizes=""(max-width: 800px) 100vw, 800px"" />","Con un cuaderno y una lapicera encontró una solución que hoy vende a más de 20 países","Folha","Ambev reconhece startups com projetos que reduzem impacto ambiental","ZOOMAGRI APPROVED AS A QUICK TEST FOR VARIETAL PURITY IN MALTING BARLEY","https://zoomagri.com/wp-content/uploads/2023/09/20230718_123343-1024x683.jpg","<img decoding=""async"" width=""800"" height=""534"" src=""https://zoomagri.com/wp-content/uploads/2023/09/20230718_123343-1024x683.jpg"" class=""attachment-large size-large"" alt="""" srcset=""https://zoomagri.com/wp-content/uploads/2023/09/20230718_123343-1024x683.jpg 1024w, https://zoomagri.com/wp-content/uploads/2023/09/20230718_123343-300x200.jpg 300w, https://zoomagri.com/wp-content/uploads/2023/09/20230718_123343-768x512.jpg 768w, https://zoomagri.com/wp-content/uploads/2023/09/20230718_123343-1536x1024.jpg 1536w, https://zoomagri.com/wp-content/uploads/2023/09/20230718_123343.jpg 1620w"" sizes=""(max-width: 800px) 100vw, 800px"" />"
"/*! elementor - v3.7.8 - 02-10-2022 */
.elementor-column .elementor-spacer-inner{height:var(--spacer-size)}.e-container{--container-widget-width:100%}.e-container>.elementor-widget-spacer{width:var(--container-widget-width,var(--spacer-size));-ms-flex-item-align:stretch;align-self:stretch;-ms-flex-negative:0;flex-shrink:0}.e-container>.elementor-widget-spacer>.elementor-widget-container,.e-container>.elementor-widget-spacer>.elementor-widget-container>.elementor-spacer{height:100%}.e-container>.elementor-widget-spacer>.elementor-widget-container>.elementor-spacer>.elementor-spacer-inner{height:var(--container-widget-height,var(--spacer-size))}","ZoomAgrien el mundo","Buenos Aires","","","https://zoomagri.com/wp-content/uploads/2022/08/location-tick.png","https://zoomagri.com/wp-content/uploads/2022/08/location-tick.png","<img decoding=""async"" width=""22"" height=""22"" src=""https://zoomagri.com/wp-content/uploads/2022/08/location-tick.png"" class=""attachment-large size-large"" alt="""" />","Madrid","https://zoomagri.com/wp-content/uploads/2022/08/location-tick.png","<img decoding=""async"" width=""22"" height=""22"" src=""https://zoomagri.com/wp-content/uploads/2022/08/location-tick.png"" class=""attachment-large size-large"" alt="""" />","Londrina","https://zoomagri.com/wp-content/uploads/2022/08/location-tick.png","<img decoding=""async"" width=""22"" height=""22"" src=""https://zoomagri.com/wp-content/uploads/2022/08/location-tick.png"" class=""attachment-large size-large"" alt="""" />","Perth","Buenos Aires, Argentina","Madrid, España","Londrina, Brasil","https://zoomagri.com/wp-content/uploads/2022/08/MAPA-no-color.png","<img decoding=""async"" width=""22"" height=""22"" src=""https://zoomagri.com/wp-content/uploads/2022/08/location-tick.png"" class=""attachment-large size-large"" alt="""" />"
"<img decoding=""async"" width=""22"" height=""22"" src=""https://zoomagri.com/wp-content/uploads/2022/08/location-tick.png"" class=""attachment-large size-large"" alt="""" />","ZoomAgrien el mundo","Buenos Aires","","","data:image/svg+xml,%3Csvg%20xmlns='http://www.w3.org/2000/svg'%20viewBox='0%200%2022%2022'%3E%3C/svg%3E","data:image/svg+xml,%3Csvg%20xmlns='http://www.w3.org/2000/svg'%20viewBox='0%200%2022%2022'%3E%3C/svg%3E","<img decoding=""async"" width=""22"" height=""22"" src=""https://zoomagri.com/wp-content/uploads/2022/08/location-tick.png"" class=""attachment-large size-large"" alt="""" />","Madrid","data:image/svg+xml,%3Csvg%20xmlns='http://www.w3.org/2000/svg'%20viewBox='0%200%2022%2022'%3E%3C/svg%3E","<img decoding=""async"" width=""22"" height=""22"" src=""https://zoomagri.com/wp-content/uploads/2022/08/location-tick.png"" class=""attachment-large size-large"" alt="""" />","Londrina","data:image/svg+xml,%3Csvg%20xmlns='http://www.w3.org/2000/svg'%20viewBox='0%200%2022%2022'%3E%3C/svg%3E","<img decoding=""async"" width=""22"" height=""22"" src=""https://zoomagri.com/wp-content/uploads/2022/08/location-tick.png"" class=""attachment-large size-large"" alt="""" />","Perth","","","","data:image/svg+xml,%3Csvg%20xmlns='http://www.w3.org/2000/svg'%20viewBox='0%200%20800%20370'%3E%3C/svg%3E","<img decoding=""async"" width=""800"" height=""370"" src=""https://zoomagri.com/wp-content/uploads/2022/08/Group-427322136-1-1024x474.png"" class=""attachment-large size-large"" alt="""" srcset=""https://zoomagri.com/wp-content/uploads/2022/08/Group-427322136-1-1024x474.png 1024w, https://zoomagri.com/wp-content/uploads/2022/08/Group-427322136-1-300x139.png 300w, https://zoomagri.com/wp-content/uploads/2022/08/Group-427322136-1-768x356.png 768w, https://zoomagri.com/wp-content/uploads/2022/08/Group-427322136-1.png 1144w"" sizes=""(max-width: 800px) 100vw, 800px"" />"
"<img decoding=""async"" width=""800"" height=""370"" src=""https://zoomagri.com/wp-content/uploads/2022/08/Group-427322136-1-1024x474.png"" class=""attachment-large size-large"" alt="""" srcset=""https://zoomagri.com/wp-content/uploads/2022/08/Group-427322136-1-1024x474.png 1024w, https://zoomagri.com/wp-content/uploads/2022/08/Group-427322136-1-300x139.png 300w, https://zoomagri.com/wp-content/uploads/2022/08/Group-427322136-1-768x356.png 768w, https://zoomagri.com/wp-content/uploads/2022/08/Group-427322136-1.png 1144w"" sizes=""(max-width: 800px) 100vw, 800px"" />","ZoomAgri en el mundo","Buenos Aires","","","data:image/svg+xml,%3Csvg%20xmlns='http://www.w3.org/2000/svg'%20viewBox='0%200%20800%20370'%3E%3C/svg%3E","data:image/svg+xml,%3Csvg%20xmlns='http://www.w3.org/2000/svg'%20viewBox='0%200%2022%2022'%3E%3C/svg%3E","<img decoding=""async"" width=""22"" height=""22"" src=""https://zoomagri.com/wp-content/uploads/2022/08/location-tick.png"" class=""attachment-large size-large"" alt="""" />","Londrina","data:image/svg+xml,%3Csvg%20xmlns='http://www.w3.org/2000/svg'%20viewBox='0%200%2022%2022'%3E%3C/svg%3E","<img decoding=""async"" width=""22"" height=""22"" src=""https://zoomagri.com/wp-content/uploads/2022/08/location-tick.png"" class=""attachment-large size-large"" alt="""" />","Madrid","data:image/svg+xml,%3Csvg%20xmlns='http://www.w3.org/2000/svg'%20viewBox='0%200%2022%2022'%3E%3C/svg%3E","<img decoding=""async"" width=""22"" height=""22"" src=""https://zoomagri.com/wp-content/uploads/2022/08/location-tick.png"" class=""attachment-large size-large"" alt="""" />","Perth","","","","data:image/svg+xml,%3Csvg%20xmlns='http://www.w3.org/2000/svg'%20viewBox='0%200%2022%2022'%3E%3C/svg%3E","<img decoding=""async"" width=""22"" height=""22"" src=""https://zoomagri.com/wp-content/uploads/2022/08/location-tick.png"" class=""attachment-large size-large"" alt="""" />"
"/*! elementor-pro - v3.7.3 - 31-07-2022 */
.elementor-button.elementor-hidden,.elementor-hidden{display:none}.e-form__step{width:100%}.e-form__step:not(.elementor-hidden){display:-webkit-box;display:-ms-flexbox;display:flex;-ms-flex-wrap:wrap;flex-wrap:wrap}.e-form__buttons{-ms-flex-wrap:wrap;flex-wrap:wrap}.e-form__buttons,.e-form__buttons__wrapper{display:-webkit-box;display:-ms-flexbox;display:flex}.e-form__indicators{-webkit-box-pack:justify;-ms-flex-pack:justify;justify-content:space-between;-ms-flex-wrap:nowrap;flex-wrap:nowrap;font-size:13px;margin-bottom:var(--e-form-steps-indicators-spacing)}.e-form__indicators,.e-form__indicators__indicator{display:-webkit-box;display:-ms-flexbox;display:flex;-webkit-box-align:center;-ms-flex-align:center;align-items:center}.e-form__indicators__indicator{-webkit-box-orient:vertical;-webkit-box-direction:normal;-ms-flex-direction:column;flex-direction:column;-webkit-box-pack:center;-ms-flex-pack:center;justify-content:center;-ms-flex-preferred-size:0;flex-basis:0;padding:0 var(--e-form-steps-divider-gap)}.e-form__indicators__indicator__progress{width:100%;position:relative;background-color:var(--e-form-steps-indicator-progress-background-color);border-radius:var(--e-form-steps-indicator-progress-border-radius);overflow:hidden}.e-form__indicators__indicator__progress__meter{width:var(--e-form-steps-indicator-progress-meter-width,0);height:var(--e-form-steps-indicator-progress-height);line-height:var(--e-form-steps-indicator-progress-height);padding-right:15px;border-radius:var(--e-form-steps-indicator-progress-border-radius);background-color:var(--e-form-steps-indicator-progress-color);color:var(--e-form-steps-indicator-progress-meter-color);text-align:right;-webkit-transition:width .1s linear;-o-transition:width .1s linear;transition:width .1s linear}.e-form__indicators__indicator:first-child{padding-left:0}.e-form__indicators__indicator:last-child{padding-right:0}.e-form__indicators__indicator--state-inactive{color:var(--e-form-steps-indicator-inactive-primary-color,#c2cbd2)}.e-form__indicators__indicator--state-inactive [class*=indicator--shape-]:not(.e-form__indicators__indicator--shape-none){background-color:var(--e-form-steps-indicator-inactive-secondary-color,#fff)}.e-form__indicators__indicator--state-inactive object,.e-form__indicators__indicator--state-inactive svg{fill:var(--e-form-steps-indicator-inactive-primary-color,#c2cbd2)}.e-form__indicators__indicator--state-active{color:var(--e-form-steps-indicator-active-primary-color,#39b54a);border-color:var(--e-form-steps-indicator-active-secondary-color,#fff)}.e-form__indicators__indicator--state-active [class*=indicator--shape-]:not(.e-form__indicators__indicator--shape-none){background-color:var(--e-form-steps-indicator-active-secondary-color,#fff)}.e-form__indicators__indicator--state-active object,.e-form__indicators__indicator--state-active svg{fill:var(--e-form-steps-indicator-active-primary-color,#39b54a)}.e-form__indicators__indicator--state-completed{color:var(--e-form-steps-indicator-completed-secondary-color,#fff)}.e-form__indicators__indicator--state-completed [class*=indicator--shape-]:not(.e-form__indicators__indicator--shape-none){background-color:var(--e-form-steps-indicator-completed-primary-color,#39b54a)}.e-form__indicators__indicator--state-completed .e-form__indicators__indicator__label{color:var(--e-form-steps-indicator-completed-primary-color,#39b54a)}.e-form__indicators__indicator--state-completed .e-form__indicators__indicator--shape-none{color:var(--e-form-steps-indicator-completed-primary-color,#39b54a);background-color:initial}.e-form__indicators__indicator--state-completed object,.e-form__indicators__indicator--state-completed svg{fill:var(--e-form-steps-indicator-completed-secondary-color,#fff)}.e-form__indicators__indicator__icon{width:var(--e-form-steps-indicator-padding,30px);height:var(--e-form-steps-indicator-padding,30px);font-size:var(--e-form-steps-indicator-icon-size);border-width:1px;border-style:solid;display:-webkit-box;display:-ms-flexbox;display:flex;-webkit-box-pack:center;-ms-flex-pack:center;justify-content:center;-webkit-box-align:center;-ms-flex-align:center;align-items:center;overflow:hidden;margin-bottom:10px}.e-form__indicators__indicator__icon img,.e-form__indicators__indicator__icon object,.e-form__indicators__indicator__icon svg{width:var(--e-form-steps-indicator-icon-size);height:auto}.e-form__indicators__indicator__icon .e-font-icon-svg{height:1em}.e-form__indicators__indicator__number{width:var(--e-form-steps-indicator-padding,30px);height:var(--e-form-steps-indicator-padding,30px);border-width:1px;border-style:solid;display:-webkit-box;display:-ms-flexbox;display:flex;-webkit-box-pack:center;-ms-flex-pack:center;justify-content:center;-webkit-box-align:center;-ms-flex-align:center;align-items:center;margin-bottom:10px}.e-form__indicators__indicator--shape-circle{border-radius:50%}.e-form__indicators__indicator--shape-square{border-radius:0}.e-form__indicators__indicator--shape-rounded{border-radius:5px}.e-form__indicators__indicator--shape-none{border:0}.e-form__indicators__indicator__label{text-align:center}.e-form__indicators__indicator__separator{width:100%;height:var(--e-form-steps-divider-width);background-color:#c2cbd2}.e-form__indicators--type-icon,.e-form__indicators--type-icon_text,.e-form__indicators--type-number,.e-form__indicators--type-number_text{-webkit-box-align:start;-ms-flex-align:start;align-items:flex-start}.e-form__indicators--type-icon .e-form__indicators__indicator__separator,.e-form__indicators--type-icon_text .e-form__indicators__indicator__separator,.e-form__indicators--type-number .e-form__indicators__indicator__separator,.e-form__indicators--type-number_text .e-form__indicators__indicator__separator{margin-top:calc(var(--e-form-steps-indicator-padding, 30px) / 2 - var(--e-form-steps-divider-width, 1px) / 2)}.elementor-field-type-hidden{display:none}.elementor-field-type-html{display:inline-block}.elementor-login .elementor-lost-password,.elementor-login .elementor-remember-me{font-size:.85em}.elementor-field-type-recaptcha_v3 .elementor-field-label{display:none}.elementor-field-type-recaptcha_v3 .grecaptcha-badge{z-index:1}.elementor-button .elementor-form-spinner{-webkit-box-ordinal-group:4;-ms-flex-order:3;order:3}.elementor-form .elementor-button>span{display:-webkit-box;display:-ms-flexbox;display:flex;-webkit-box-pack:center;-ms-flex-pack:center;justify-content:center;-webkit-box-align:center;-ms-flex-align:center;align-items:center}.elementor-form .elementor-button .elementor-button-text{white-space:normal;-webkit-box-flex:0;-ms-flex-positive:0;flex-grow:0}.elementor-form .elementor-button svg{height:auto}.elementor-form .elementor-button .e-font-icon-svg{height:1em}","Contáctenos","Querés sumarte a nuestro equipo?","https://www.linkedin.com/company/zoomagri/jobs/?viewAsMember=true","Enviar","","","","Mirá nuestras búsquedas y enviános tu CV","","","","","","","","","","",""